num_nodes,num_edges,avg_degree,density,num_communities
161,103,1.279503105590062,0.007996894409937888,70
